"scope","wave","module","feature","item_id","route_or_target","canonical_area","status","severity","owner","due_date","evidence","notes","decision"
"backend_module","A","dashboard","api_contract","BE:dashboard","backend/src/modules/dashboard","api","PASSA","","","","; controller/service/module presentes","Triagem inicial: estrutura backend consistente para onda simples.",""
"backend_module","A","permissions","api_contract","BE:permissions","backend/src/modules/permissions","api","PASSA","","","","; controller/service/module presentes","Triagem inicial: estrutura backend consistente para onda simples.",""
"backend_module","A","registration","api_contract","BE:registration","backend/src/modules/registration","api","PASSA","","","","; controller/service/module presentes","Triagem inicial: estrutura backend consistente para onda simples.",""
"backend_module","A","roles","api_contract","BE:roles","backend/src/modules/roles","api","PASSA","","","","; controller/service/module presentes","Triagem inicial: estrutura backend consistente para onda simples.",""
"backend_module","A","tasks","api_contract","BE:tasks","backend/src/modules/tasks","api","PASSA","","","","; controller/service/module presentes","Triagem inicial: estrutura backend consistente para onda simples.",""
"backend_module","A","tenants","api_contract","BE:tenants","backend/src/modules/tenants","api","PASSA","","","","; controller/service/module presentes","Triagem inicial: estrutura backend consistente para onda simples.",""
"backend_module","A","users","api_contract","BE:users","backend/src/modules/users","api","PASSA","","","","; controller/service/module presentes","Triagem inicial: estrutura backend consistente para onda simples.",""
"backend_module","B","deposit","api_contract","BE:deposit","backend/src/modules/deposit","api","PASSA","","","","backend build 2026-03-27 ok; controller/service/module/dto presentes","Estrutura backend verificada para deposit, pantry, people-segments e programs com build aprovado.",""
"backend_module","B","pantry","api_contract","BE:pantry","backend/src/modules/pantry","api","PASSA","","","","backend build 2026-03-27 ok; controller/service/module/dto presentes","Estrutura backend verificada para deposit, pantry, people-segments e programs com build aprovado.",""
"backend_module","B","people-segments","api_contract","BE:people-segments","backend/src/modules/people-segments","api","PASSA","","","","backend build 2026-03-27 ok; controller/service/module/dto presentes","Estrutura backend verificada para deposit, pantry, people-segments e programs com build aprovado.",""
"backend_module","B","programs","api_contract","BE:programs","backend/src/modules/programs","api","PASSA","","","","backend build 2026-03-27 ok; controller/service/module/dto presentes","Estrutura backend verificada para deposit, pantry, people-segments e programs com build aprovado.",""
"backend_module","C","actions","api_contract","BE:actions","backend/src/modules/actions","api","PASSA","","","","backend/src/modules/actions/actions.service.ts; frontend/backend build 2026-03-27 ok; fluxo ativo usa ActionPeopleGroup e peopleGroupId","Fluxo canonico de actions opera com PeopleGroup/ProjectGroup; compatibilidade com cycle ficou isolada como legado da Onda D.",""
"backend_module","C","people","api_contract","BE:people","backend/src/modules/people","api","PASSA","","","","backend/src/modules/people; controller/service/module/dto presentes; backend build 2026-03-27 ok","Estrutura backend de people auditada com relacoes explicitas e modulo consistente.",""
"backend_module","C","people-groups","api_contract","BE:people-groups","backend/src/modules/people-groups","api","PASSA","","","","backend/src/modules/people-groups; controller/service/module/dto presentes; backend build 2026-03-27 ok","Dominio backend de people-groups consistente com agrupamento institucional ativo.",""
"backend_module","C","projects","api_contract","BE:projects","backend/src/modules/projects","api","PASSA","","","","backend/src/modules/projects; controller/service/module/dto presentes; backend build 2026-03-27 ok","Modulo backend de projects auditado; relacoes centrais do agregado permanecem explicitas.",""
"backend_module","C","project-structure","api_contract","BE:project-structure","backend/src/modules/project-structure","api","PASSA","","","","backend/src/modules/project-structure/project-structure.service.ts; frontend/backend build 2026-03-27 ok; eligible-people/enrollments operam com people groups e exclusao protege acoes vinculadas","Fluxo ativo do projeto foi canonizado em torno de ProjectPeopleGroup e ProjectGroup; endpoints de cycle remanescentes ficaram classificados como legado da Onda D.",""
"backend_module","D","cycles","api_contract","BE:cycles","backend/src/modules/cycles","api","PASSA","","backend_contratos","","backend/src/modules/cycles removido; backend build 2026-03-27 ok","Modulo cycles removido do backend ativo e sem endpoints residuais.","remover_1_0"
"database_domain","A","tasks","schema_cardinality","DB:tasks","backend/prisma/schema.prisma","schema","PASSA","","","","backend/prisma/schema.prisma; dominio tasks com entidades e relacoes explicitas","Triagem inicial: cardinalidade de tasks aparenta aderente (validacao detalhada na fase de schema).",""
"database_domain","B","deposit","schema_cardinality","DB:deposit","backend/prisma/schema.prisma","schema","PASSA","","","","schema.prisma auditado; Prisma generate e backend build 2026-03-27 ok","Modelos e cardinalidades explícitas presentes no schema para os domínios da Onda B.",""
"database_domain","B","pantry","schema_cardinality","DB:pantry","backend/prisma/schema.prisma","schema","PASSA","","","","schema.prisma auditado; Prisma generate e backend build 2026-03-27 ok","Modelos e cardinalidades explícitas presentes no schema para os domínios da Onda B.",""
"database_domain","B","people-segments","schema_cardinality","DB:people-segments","backend/prisma/schema.prisma","schema","PASSA","","","","schema.prisma auditado; Prisma generate e backend build 2026-03-27 ok","Modelos e cardinalidades explícitas presentes no schema para os domínios da Onda B.",""
"database_domain","B","programs","schema_cardinality","DB:programs","backend/prisma/schema.prisma","schema","PASSA","","","","schema.prisma auditado; Prisma generate e backend build 2026-03-27 ok","Modelos e cardinalidades explícitas presentes no schema para os domínios da Onda B.",""
"database_domain","C","actions","schema_cardinality","DB:actions","backend/prisma/schema.prisma","schema","PASSA","","","","backend/prisma/schema.prisma auditado com migration remove-cycle-legacy + backend build 2026-03-27 ok; fluxo ativo de target PEOPLE_GROUP usa ActionPeopleGroup","Schema de actions ficou somente com ProjectGroup e PeopleGroup na cardinalidade ativa do canônico 1.0.",""
"database_domain","C","core-auth-admin","schema_cardinality","DB:core-auth-admin","backend/prisma/schema.prisma","schema","PASSA","","","","schema.prisma: RolePermission e UserRole com @@unique compostos e indices; backend build 2026-03-27 ok","Dominio core-auth-admin possui N:N explicito aderente ao contrato canonico.",""
"database_domain","C","people","schema_cardinality","DB:people","backend/prisma/schema.prisma","schema","PASSA","","","","schema.prisma: Person, PersonRelation e PersonSensitiveDocument com relacoes explicitas; personId @unique em documento sensivel","Cardinalidades de people auditadas com 1:1 e 1:N explicitos no schema.",""
"database_domain","C","people-groups","schema_cardinality","DB:people-groups","backend/prisma/schema.prisma","schema","PASSA","","","","schema.prisma: PeopleGroup e PeopleGroupParticipation com entidade associativa explicita, activeKey unico e indices","Cardinalidade de people-groups aderente ao contrato de relacoes canonicas.",""
"database_domain","C","projects","schema_cardinality","DB:projects","backend/prisma/schema.prisma","schema","PASSA","","","","schema.prisma: ProjectGroup, ProjectPeopleGroup e ProjectEnrollment explicitos; backend build 2026-03-27 ok","Cardinalidades centrais de projects auditadas com tabelas de associacao explicitas.",""
"database_domain","C","project-structure","schema_cardinality","DB:project-structure","backend/prisma/schema.prisma","schema","PASSA","","","","schema.prisma auditado com build backend 2026-03-27 ok; fluxo ativo de elegiveis/matriculas opera com ProjectPeopleGroup","ProjectStructure canônico passou a depender de ProjectPeopleGroup e ProjectGroup no fluxo ativo; tabelas de cycle ficam isoladas como legado da Onda D.",""
"database_domain","D","cycles","schema_cardinality","DB:cycles","backend/prisma/schema.prisma","schema","PASSA","","banco_migracoes","","backend/prisma/schema.prisma sem Cycle/ProjectCycle/ProjectEnrollmentCycleParticipation; prisma generate + backend build 2026-03-27 ok; prisma/seed.ts alinhado ao schema","Schema ativo removido do legado cycle; migracoes historicas permanecem apenas como registro.","remover_1_0"
"frontend_screen","A","core","route","FE:C:\server\system_development\frontend\src\app\[tenant]\(modules)\admin\audit-logs\[id]\page.tsx","C:\server\system_development\frontend\src\app\[tenant]\(modules)\admin\audit-logs\[id]\page.tsx","quality","PASSA","","","","C:\server\system_development\frontend\src\app\[tenant]\(modules)\admin\audit-logs\[id]\page.tsx; ScreenHost/module client alinhado","Triagem inicial: aderente ao shell canonico na camada de rota.",""
"frontend_screen","A","core","route","FE:C:\server\system_development\frontend\src\app\[tenant]\(modules)\admin\audit-logs\page.tsx","C:\server\system_development\frontend\src\app\[tenant]\(modules)\admin\audit-logs\page.tsx","quality","PASSA","","","","C:\server\system_development\frontend\src\app\[tenant]\(modules)\admin\audit-logs\page.tsx; ScreenHost/module client alinhado","Triagem inicial: aderente ao shell canonico na camada de rota.",""
"frontend_screen","A","core","route","FE:C:\server\system_development\frontend\src\app\[tenant]\(modules)\admin\page.tsx","C:\server\system_development\frontend\src\app\[tenant]\(modules)\admin\page.tsx","quality","PASSA","","","","C:\server\system_development\frontend\src\app\[tenant]\(modules)\admin\page.tsx; ScreenHost/module client alinhado","Triagem inicial: aderente ao shell canonico na camada de rota.",""
"frontend_screen","A","core","route","FE:C:\server\system_development\frontend\src\app\[tenant]\(modules)\admin\permissions\page.tsx","C:\server\system_development\frontend\src\app\[tenant]\(modules)\admin\permissions\page.tsx","quality","PASSA","","","","C:\server\system_development\frontend\src\app\[tenant]\(modules)\admin\permissions\page.tsx; ScreenHost/module client alinhado","Triagem inicial: aderente ao shell canonico na camada de rota.",""
"frontend_screen","A","core","route","FE:C:\server\system_development\frontend\src\app\[tenant]\(modules)\admin\roles\[id]\page.tsx","C:\server\system_development\frontend\src\app\[tenant]\(modules)\admin\roles\[id]\page.tsx","quality","PASSA","","","","frontend/src/modules/core/admin/ui/admin-role-detail-engine-client-page.tsx","Corrigido: detail sem acao Novo; mantida apenas acao Excluir quando permitido.",""
"frontend_screen","A","core","route","FE:C:\server\system_development\frontend\src\app\[tenant]\(modules)\admin\roles\new\page.tsx","C:\server\system_development\frontend\src\app\[tenant]\(modules)\admin\roles\new\page.tsx","quality","PASSA","","","","C:\server\system_development\frontend\src\app\[tenant]\(modules)\admin\roles\new\page.tsx; ScreenHost/module client alinhado","Triagem inicial: aderente ao shell canonico na camada de rota.",""
"frontend_screen","A","core","route","FE:C:\server\system_development\frontend\src\app\[tenant]\(modules)\admin\roles\page.tsx","C:\server\system_development\frontend\src\app\[tenant]\(modules)\admin\roles\page.tsx","quality","PASSA","","","","C:\server\system_development\frontend\src\app\[tenant]\(modules)\admin\roles\page.tsx; ScreenHost/module client alinhado","Triagem inicial: aderente ao shell canonico na camada de rota.",""
"frontend_screen","A","core","route","FE:C:\server\system_development\frontend\src\app\[tenant]\(modules)\admin\tenant\page.tsx","C:\server\system_development\frontend\src\app\[tenant]\(modules)\admin\tenant\page.tsx","quality","PASSA","","","","C:\server\system_development\frontend\src\app\[tenant]\(modules)\admin\tenant\page.tsx; ScreenHost/module client alinhado","Triagem inicial: aderente ao shell canonico na camada de rota.",""
"frontend_screen","A","core","route","FE:C:\server\system_development\frontend\src\app\[tenant]\(modules)\admin\users\[id]\page.tsx","C:\server\system_development\frontend\src\app\[tenant]\(modules)\admin\users\[id]\page.tsx","quality","PASSA","","","","frontend/src/modules/core/admin/ui/admin-user-detail-engine-client-page.tsx","Corrigido: detail sem acao Novo; mantida apenas acao Excluir quando permitido.",""
"frontend_screen","A","core","route","FE:C:\server\system_development\frontend\src\app\[tenant]\(modules)\admin\users\new\page.tsx","C:\server\system_development\frontend\src\app\[tenant]\(modules)\admin\users\new\page.tsx","quality","PASSA","","","","C:\server\system_development\frontend\src\app\[tenant]\(modules)\admin\users\new\page.tsx; ScreenHost/module client alinhado","Triagem inicial: aderente ao shell canonico na camada de rota.",""
"frontend_screen","A","core","route","FE:C:\server\system_development\frontend\src\app\[tenant]\(modules)\admin\users\page.tsx","C:\server\system_development\frontend\src\app\[tenant]\(modules)\admin\users\page.tsx","quality","PASSA","","","","C:\server\system_development\frontend\src\app\[tenant]\(modules)\admin\users\page.tsx; ScreenHost/module client alinhado","Triagem inicial: aderente ao shell canonico na camada de rota.",""
"frontend_screen","A","core","route","FE:C:\server\system_development\frontend\src\app\[tenant]\(modules)\auth\profile\page.tsx","C:\server\system_development\frontend\src\app\[tenant]\(modules)\auth\profile\page.tsx","quality","PASSA","","","","C:\server\system_development\frontend\src\app\[tenant]\(modules)\auth\profile\page.tsx; ScreenHost/module client alinhado","Triagem inicial: aderente ao shell canonico na camada de rota.",""
"frontend_screen","A","core","route","FE:C:\server\system_development\frontend\src\app\[tenant]\(modules)\dashboard\page.tsx","C:\server\system_development\frontend\src\app\[tenant]\(modules)\dashboard\page.tsx","quality","PASSA","","","","C:\server\system_development\frontend\src\app\[tenant]\(modules)\dashboard\page.tsx; ScreenHost/module client alinhado","Triagem inicial: aderente ao shell canonico na camada de rota.",""
"frontend_screen","A","core","route","FE:C:\server\system_development\frontend\src\app\[tenant]\(modules)\dashboard\profile\page.tsx","C:\server\system_development\frontend\src\app\[tenant]\(modules)\dashboard\profile\page.tsx","quality","PASSA","","","","C:\server\system_development\frontend\src\app\[tenant]\(modules)\dashboard\profile\page.tsx; ScreenHost/module client alinhado","Triagem inicial: aderente ao shell canonico na camada de rota.",""
"frontend_screen","A","core","route","FE:C:\server\system_development\frontend\src\app\[tenant]\(modules)\group\[id]\page.tsx","C:\server\system_development\frontend\src\app\[tenant]\(modules)\group\[id]\page.tsx","list","PASSA","","","","frontend/src/app/[tenant]/(modules)/group/* -> redirect para /projects/groups*","Corrigido: rota legado /group agora redireciona para /projects/groups (canonica).",""
"frontend_screen","A","core","route","FE:C:\server\system_development\frontend\src\app\[tenant]\(modules)\group\new\page.tsx","C:\server\system_development\frontend\src\app\[tenant]\(modules)\group\new\page.tsx","list","PASSA","","","","frontend/src/app/[tenant]/(modules)/group/* -> redirect para /projects/groups*","Corrigido: rota legado /group agora redireciona para /projects/groups (canonica).",""
"frontend_screen","A","core","route","FE:C:\server\system_development\frontend\src\app\[tenant]\(modules)\group\page.tsx","C:\server\system_development\frontend\src\app\[tenant]\(modules)\group\page.tsx","list","PASSA","","","","frontend/src/app/[tenant]/(modules)/group/* -> redirect para /projects/groups*","Corrigido: rota legado /group agora redireciona para /projects/groups (canonica).",""
"frontend_screen","A","core","route","FE:C:\server\system_development\frontend\src\app\[tenant]\(modules)\settings\page.tsx","C:\server\system_development\frontend\src\app\[tenant]\(modules)\settings\page.tsx","quality","PASSA","","","","C:\server\system_development\frontend\src\app\[tenant]\(modules)\settings\page.tsx; ScreenHost/module client alinhado","Triagem inicial: aderente ao shell canonico na camada de rota.",""
"frontend_screen","A","core","route","FE:C:\server\system_development\frontend\src\app\[tenant]\forgot-password\page.tsx","C:\server\system_development\frontend\src\app\[tenant]\forgot-password\page.tsx","quality","NA","","","","C:\server\system_development\frontend\src\app\[tenant]\forgot-password\page.tsx","Rota publica de autenticacao/onboarding; fora da validacao canonica de modulo record.","pos_1_0"
"frontend_screen","A","core","route","FE:C:\server\system_development\frontend\src\app\[tenant]\login\page.tsx","C:\server\system_development\frontend\src\app\[tenant]\login\page.tsx","quality","NA","","","","C:\server\system_development\frontend\src\app\[tenant]\login\page.tsx","Rota publica de autenticacao/onboarding; fora da validacao canonica de modulo record.","pos_1_0"
"frontend_screen","A","core","route","FE:C:\server\system_development\frontend\src\app\[tenant]\page.tsx","C:\server\system_development\frontend\src\app\[tenant]\page.tsx","list","PASSA","","","","C:\server\system_development\frontend\src\app\[tenant]\page.tsx; ScreenHost/module client alinhado","Triagem inicial: aderente ao shell canonico na camada de rota.",""
"frontend_screen","A","core","route","FE:C:\server\system_development\frontend\src\app\[tenant]\reset-password\page.tsx","C:\server\system_development\frontend\src\app\[tenant]\reset-password\page.tsx","quality","NA","","","","C:\server\system_development\frontend\src\app\[tenant]\reset-password\page.tsx","Rota publica de autenticacao/onboarding; fora da validacao canonica de modulo record.","pos_1_0"
"frontend_screen","A","core","route","FE:C:\server\system_development\frontend\src\app\page.tsx","C:\server\system_development\frontend\src\app\page.tsx","list","NA","","","","C:\server\system_development\frontend\src\app\page.tsx","Rota publica de autenticacao/onboarding; fora da validacao canonica de modulo record.","pos_1_0"
"frontend_screen","A","core","route","FE:C:\server\system_development\frontend\src\app\register\confirm\page.tsx","C:\server\system_development\frontend\src\app\register\confirm\page.tsx","quality","NA","","","","C:\server\system_development\frontend\src\app\register\confirm\page.tsx","Rota publica de autenticacao/onboarding; fora da validacao canonica de modulo record.","pos_1_0"
"frontend_screen","A","core","route","FE:C:\server\system_development\frontend\src\app\register\page.tsx","C:\server\system_development\frontend\src\app\register\page.tsx","quality","NA","","","","C:\server\system_development\frontend\src\app\register\page.tsx","Rota publica de autenticacao/onboarding; fora da validacao canonica de modulo record.","pos_1_0"
"frontend_screen","A","tasks","route","FE:C:\server\system_development\frontend\src\app\[tenant]\(modules)\tasks\[id]\page.tsx","C:\server\system_development\frontend\src\app\[tenant]\(modules)\tasks\[id]\page.tsx","list","PASSA","","","","C:\server\system_development\frontend\src\app\[tenant]\(modules)\tasks\[id]\page.tsx; ScreenHost/module client alinhado","Triagem inicial: aderente ao shell canonico na camada de rota.",""
"frontend_screen","A","tasks","route","FE:C:\server\system_development\frontend\src\app\[tenant]\(modules)\tasks\new\page.tsx","C:\server\system_development\frontend\src\app\[tenant]\(modules)\tasks\new\page.tsx","list","PASSA","","","","C:\server\system_development\frontend\src\app\[tenant]\(modules)\tasks\new\page.tsx; ScreenHost/module client alinhado","Triagem inicial: aderente ao shell canonico na camada de rota.",""
"frontend_screen","A","tasks","route","FE:C:\server\system_development\frontend\src\app\[tenant]\(modules)\tasks\page.tsx","C:\server\system_development\frontend\src\app\[tenant]\(modules)\tasks\page.tsx","list","PASSA","","","","C:\server\system_development\frontend\src\app\[tenant]\(modules)\tasks\page.tsx; ScreenHost/module client alinhado","Triagem inicial: aderente ao shell canonico na camada de rota.",""
"frontend_screen","A","core","detail_side","FE:core:admin.overview:side","frontend/src/modules/core/admin/config/admin-detail-layouts.tsx","side","PASSA","","","","frontend/src/modules/core/admin/config/admin-detail-layouts.tsx; StandardDetailMetadataSide em OverviewSide","Passada estrutural Onda A: detalhe admin overview agora usa side canonico com abas padrao.",""
"frontend_screen","A","core","detail_side","FE:core:admin.tenant:side","frontend/src/modules/core/admin/config/admin-detail-layouts.tsx","side","PASSA","","","","frontend/src/modules/core/admin/config/admin-detail-layouts.tsx; StandardDetailMetadataSide em TenantSide","Passada estrutural Onda A: detalhe de instituicao agora usa side canonico com auditoria/contexto/historico.",""
"frontend_screen","A","core","detail_side","FE:core:admin.users:side","frontend/src/modules/core/admin/config/admin-detail-layouts.tsx","side","PASSA","","","","frontend/src/modules/core/admin/config/admin-detail-layouts.tsx; StandardDetailMetadataSide em UserSide","Passada estrutural Onda A: detalhe e create de usuario agora compartilham side canonico.",""
"frontend_screen","A","core","detail_side","FE:core:admin.roles:side","frontend/src/modules/core/admin/config/admin-detail-layouts.tsx","side","PASSA","","","","frontend/src/modules/core/admin/config/admin-detail-layouts.tsx; StandardDetailMetadataSide em RoleSide","Passada estrutural Onda A: detalhe e create de perfil agora compartilham side canonico.",""
"frontend_screen","A","core","detail_side","FE:core:admin.audit:side","frontend/src/modules/core/admin/config/admin-detail-layouts.tsx","side","PASSA","","","","frontend/src/modules/core/admin/config/admin-detail-layouts.tsx; StandardDetailMetadataSide em AuditDetailSide","Passada estrutural Onda A: detalhe de auditoria agora possui side canonico.",""
"frontend_screen","A","tasks","detail_side","FE:tasks:detail:side","frontend/src/modules/tasks/config/tasks-detail-layout-contract.tsx","side","PASSA","","","","frontend/src/modules/tasks/config/tasks-detail-layout-contract.tsx; StandardDetailMetadataSide","Passada estrutural Onda A: detalhe de tasks ja aderente ao side canonico.",""
"frontend_screen","A","tasks","detail_relations","FE:tasks:detail:relations","frontend/src/modules/tasks/config/tasks-detail-layout-contract.tsx","relations","PASSA","","","","frontend/src/modules/tasks/config/tasks-detail-layout-contract.tsx; tabTemplates com relations checklist/subtasks/dependencies","Passada estrutural Onda A: detalhe de tasks ja aderente a relations canonicas.",""
"frontend_screen","A","core","detail_relations","FE:core:admin.users:relations","frontend/src/modules/core/admin/config/admin-detail-layouts.tsx","relations","PASSA","","","","frontend/src/modules/core/admin/config/admin-detail-layouts.tsx; frontend/src/modules/core/admin/ui/admin-user-create-page.tsx; frontend/src/modules/core/admin/ui/admin-user-detail-engine-client-page.tsx","Passada estrutural Onda A: relacao N:N usuarios x perfis agora usa aba canonica com list de vinculos, acao explicita de vincular e remocao no relation manager.",""
"frontend_screen","A","core","detail_relations","FE:core:admin.roles:relations","frontend/src/modules/core/admin/config/admin-detail-layouts.tsx","relations","PASSA","","","","frontend/src/modules/core/admin/config/admin-detail-layouts.tsx; frontend/src/modules/core/admin/ui/admin-role-create-page.tsx; frontend/src/modules/core/admin/ui/admin-role-detail-engine-client-page.tsx","Passada estrutural Onda A: relacao N:N perfis x permissoes agora usa aba canonica com list de vinculos, acao explicita de vincular e remocao no relation manager.",""
"frontend_screen","B","deposit","route","FE:C:\server\system_development\frontend\src\app\[tenant]\(modules)\deposit\donors\[id]\page.tsx","C:\server\system_development\frontend\src\app\[tenant]\(modules)\deposit\donors\[id]\page.tsx","list","PASSA","","","","frontend lint/build 2026-03-27 ok; list/detail/side/relations canonizados na Onda B","Onda B fechada com contratos canônicos, correção de textos, relations sem duplicação e side operacional por módulo.",""
"frontend_screen","B","deposit","route","FE:C:\server\system_development\frontend\src\app\[tenant]\(modules)\deposit\donors\new\page.tsx","C:\server\system_development\frontend\src\app\[tenant]\(modules)\deposit\donors\new\page.tsx","list","PASSA","","","","frontend lint/build 2026-03-27 ok; list/detail/side/relations canonizados na Onda B","Onda B fechada com contratos canônicos, correção de textos, relations sem duplicação e side operacional por módulo.",""
"frontend_screen","B","deposit","route","FE:C:\server\system_development\frontend\src\app\[tenant]\(modules)\deposit\donors\page.tsx","C:\server\system_development\frontend\src\app\[tenant]\(modules)\deposit\donors\page.tsx","list","PASSA","","","","frontend lint/build 2026-03-27 ok; list/detail/side/relations canonizados na Onda B","Onda B fechada com contratos canônicos, correção de textos, relations sem duplicação e side operacional por módulo.",""
"frontend_screen","B","deposit","route","FE:C:\server\system_development\frontend\src\app\[tenant]\(modules)\deposit\entries\[id]\page.tsx","C:\server\system_development\frontend\src\app\[tenant]\(modules)\deposit\entries\[id]\page.tsx","list","PASSA","","","","frontend lint/build 2026-03-27 ok; list/detail/side/relations canonizados na Onda B","Onda B fechada com contratos canônicos, correção de textos, relations sem duplicação e side operacional por módulo.",""
"frontend_screen","B","deposit","route","FE:C:\server\system_development\frontend\src\app\[tenant]\(modules)\deposit\entries\new\page.tsx","C:\server\system_development\frontend\src\app\[tenant]\(modules)\deposit\entries\new\page.tsx","list","PASSA","","","","frontend lint/build 2026-03-27 ok; list/detail/side/relations canonizados na Onda B","Onda B fechada com contratos canônicos, correção de textos, relations sem duplicação e side operacional por módulo.",""
"frontend_screen","B","deposit","route","FE:C:\server\system_development\frontend\src\app\[tenant]\(modules)\deposit\entries\page.tsx","C:\server\system_development\frontend\src\app\[tenant]\(modules)\deposit\entries\page.tsx","list","PASSA","","","","frontend lint/build 2026-03-27 ok; list/detail/side/relations canonizados na Onda B","Onda B fechada com contratos canônicos, correção de textos, relations sem duplicação e side operacional por módulo.",""
"frontend_screen","B","deposit","route","FE:C:\server\system_development\frontend\src\app\[tenant]\(modules)\deposit\exits\[id]\page.tsx","C:\server\system_development\frontend\src\app\[tenant]\(modules)\deposit\exits\[id]\page.tsx","list","PASSA","","","","frontend lint/build 2026-03-27 ok; list/detail/side/relations canonizados na Onda B","Onda B fechada com contratos canônicos, correção de textos, relations sem duplicação e side operacional por módulo.",""
"frontend_screen","B","deposit","route","FE:C:\server\system_development\frontend\src\app\[tenant]\(modules)\deposit\exits\new\page.tsx","C:\server\system_development\frontend\src\app\[tenant]\(modules)\deposit\exits\new\page.tsx","list","PASSA","","","","frontend lint/build 2026-03-27 ok; list/detail/side/relations canonizados na Onda B","Onda B fechada com contratos canônicos, correção de textos, relations sem duplicação e side operacional por módulo.",""
"frontend_screen","B","deposit","route","FE:C:\server\system_development\frontend\src\app\[tenant]\(modules)\deposit\exits\page.tsx","C:\server\system_development\frontend\src\app\[tenant]\(modules)\deposit\exits\page.tsx","list","PASSA","","","","frontend lint/build 2026-03-27 ok; list/detail/side/relations canonizados na Onda B","Onda B fechada com contratos canônicos, correção de textos, relations sem duplicação e side operacional por módulo.",""
"frontend_screen","B","deposit","route","FE:C:\server\system_development\frontend\src\app\[tenant]\(modules)\deposit\history\page.tsx","C:\server\system_development\frontend\src\app\[tenant]\(modules)\deposit\history\page.tsx","list","PASSA","","","","frontend lint/build 2026-03-27 ok; list/detail/side/relations canonizados na Onda B","Onda B fechada com contratos canônicos, correção de textos, relations sem duplicação e side operacional por módulo.",""
"frontend_screen","B","deposit","route","FE:C:\server\system_development\frontend\src\app\[tenant]\(modules)\deposit\items\[id]\page.tsx","C:\server\system_development\frontend\src\app\[tenant]\(modules)\deposit\items\[id]\page.tsx","list","PASSA","","","","frontend lint/build 2026-03-27 ok; list/detail/side/relations canonizados na Onda B","Onda B fechada com contratos canônicos, correção de textos, relations sem duplicação e side operacional por módulo.",""
"frontend_screen","B","deposit","route","FE:C:\server\system_development\frontend\src\app\[tenant]\(modules)\deposit\items\new\page.tsx","C:\server\system_development\frontend\src\app\[tenant]\(modules)\deposit\items\new\page.tsx","list","PASSA","","","","frontend lint/build 2026-03-27 ok; list/detail/side/relations canonizados na Onda B","Onda B fechada com contratos canônicos, correção de textos, relations sem duplicação e side operacional por módulo.",""
"frontend_screen","B","deposit","route","FE:C:\server\system_development\frontend\src\app\[tenant]\(modules)\deposit\items\page.tsx","C:\server\system_development\frontend\src\app\[tenant]\(modules)\deposit\items\page.tsx","list","PASSA","","","","frontend lint/build 2026-03-27 ok; list/detail/side/relations canonizados na Onda B","Onda B fechada com contratos canônicos, correção de textos, relations sem duplicação e side operacional por módulo.",""
"frontend_screen","B","deposit","route","FE:C:\server\system_development\frontend\src\app\[tenant]\(modules)\deposit\page.tsx","C:\server\system_development\frontend\src\app\[tenant]\(modules)\deposit\page.tsx","list","PASSA","","","","frontend lint/build 2026-03-27 ok; list/detail/side/relations canonizados na Onda B","Onda B fechada com contratos canônicos, correção de textos, relations sem duplicação e side operacional por módulo.",""
"frontend_screen","B","deposit","route","FE:C:\server\system_development\frontend\src\app\[tenant]\(modules)\deposit\stock\page.tsx","C:\server\system_development\frontend\src\app\[tenant]\(modules)\deposit\stock\page.tsx","list","PASSA","","","","frontend lint/build 2026-03-27 ok; list/detail/side/relations canonizados na Onda B","Onda B fechada com contratos canônicos, correção de textos, relations sem duplicação e side operacional por módulo.",""
"frontend_screen","B","pantry","route","FE:C:\server\system_development\frontend\src\app\[tenant]\(modules)\pantry\donors\[id]\page.tsx","C:\server\system_development\frontend\src\app\[tenant]\(modules)\pantry\donors\[id]\page.tsx","list","PASSA","","","","frontend lint/build 2026-03-27 ok; list/detail/side/relations canonizados na Onda B","Onda B fechada com contratos canônicos, correção de textos, relations sem duplicação e side operacional por módulo.",""
"frontend_screen","B","pantry","route","FE:C:\server\system_development\frontend\src\app\[tenant]\(modules)\pantry\donors\new\page.tsx","C:\server\system_development\frontend\src\app\[tenant]\(modules)\pantry\donors\new\page.tsx","list","PASSA","","","","frontend lint/build 2026-03-27 ok; list/detail/side/relations canonizados na Onda B","Onda B fechada com contratos canônicos, correção de textos, relations sem duplicação e side operacional por módulo.",""
"frontend_screen","B","pantry","route","FE:C:\server\system_development\frontend\src\app\[tenant]\(modules)\pantry\donors\page.tsx","C:\server\system_development\frontend\src\app\[tenant]\(modules)\pantry\donors\page.tsx","list","PASSA","","","","frontend lint/build 2026-03-27 ok; list/detail/side/relations canonizados na Onda B","Onda B fechada com contratos canônicos, correção de textos, relations sem duplicação e side operacional por módulo.",""
"frontend_screen","B","pantry","route","FE:C:\server\system_development\frontend\src\app\[tenant]\(modules)\pantry\entries\[id]\page.tsx","C:\server\system_development\frontend\src\app\[tenant]\(modules)\pantry\entries\[id]\page.tsx","list","PASSA","","","","frontend lint/build 2026-03-27 ok; list/detail/side/relations canonizados na Onda B","Onda B fechada com contratos canônicos, correção de textos, relations sem duplicação e side operacional por módulo.",""
"frontend_screen","B","pantry","route","FE:C:\server\system_development\frontend\src\app\[tenant]\(modules)\pantry\entries\new\page.tsx","C:\server\system_development\frontend\src\app\[tenant]\(modules)\pantry\entries\new\page.tsx","list","PASSA","","","","frontend lint/build 2026-03-27 ok; list/detail/side/relations canonizados na Onda B","Onda B fechada com contratos canônicos, correção de textos, relations sem duplicação e side operacional por módulo.",""
"frontend_screen","B","pantry","route","FE:C:\server\system_development\frontend\src\app\[tenant]\(modules)\pantry\entries\page.tsx","C:\server\system_development\frontend\src\app\[tenant]\(modules)\pantry\entries\page.tsx","list","PASSA","","","","frontend lint/build 2026-03-27 ok; list/detail/side/relations canonizados na Onda B","Onda B fechada com contratos canônicos, correção de textos, relations sem duplicação e side operacional por módulo.",""
"frontend_screen","B","pantry","route","FE:C:\server\system_development\frontend\src\app\[tenant]\(modules)\pantry\exits\[id]\page.tsx","C:\server\system_development\frontend\src\app\[tenant]\(modules)\pantry\exits\[id]\page.tsx","list","PASSA","","","","frontend lint/build 2026-03-27 ok; list/detail/side/relations canonizados na Onda B","Onda B fechada com contratos canônicos, correção de textos, relations sem duplicação e side operacional por módulo.",""
"frontend_screen","B","pantry","route","FE:C:\server\system_development\frontend\src\app\[tenant]\(modules)\pantry\exits\new\page.tsx","C:\server\system_development\frontend\src\app\[tenant]\(modules)\pantry\exits\new\page.tsx","list","PASSA","","","","frontend lint/build 2026-03-27 ok; list/detail/side/relations canonizados na Onda B","Onda B fechada com contratos canônicos, correção de textos, relations sem duplicação e side operacional por módulo.",""
"frontend_screen","B","pantry","route","FE:C:\server\system_development\frontend\src\app\[tenant]\(modules)\pantry\exits\page.tsx","C:\server\system_development\frontend\src\app\[tenant]\(modules)\pantry\exits\page.tsx","list","PASSA","","","","frontend lint/build 2026-03-27 ok; list/detail/side/relations canonizados na Onda B","Onda B fechada com contratos canônicos, correção de textos, relations sem duplicação e side operacional por módulo.",""
"frontend_screen","B","pantry","route","FE:C:\server\system_development\frontend\src\app\[tenant]\(modules)\pantry\history\page.tsx","C:\server\system_development\frontend\src\app\[tenant]\(modules)\pantry\history\page.tsx","list","PASSA","","","","frontend lint/build 2026-03-27 ok; list/detail/side/relations canonizados na Onda B","Onda B fechada com contratos canônicos, correção de textos, relations sem duplicação e side operacional por módulo.",""
"frontend_screen","B","pantry","route","FE:C:\server\system_development\frontend\src\app\[tenant]\(modules)\pantry\items\[id]\page.tsx","C:\server\system_development\frontend\src\app\[tenant]\(modules)\pantry\items\[id]\page.tsx","list","PASSA","","","","frontend lint/build 2026-03-27 ok; list/detail/side/relations canonizados na Onda B","Onda B fechada com contratos canônicos, correção de textos, relations sem duplicação e side operacional por módulo.",""
"frontend_screen","B","pantry","route","FE:C:\server\system_development\frontend\src\app\[tenant]\(modules)\pantry\items\new\page.tsx","C:\server\system_development\frontend\src\app\[tenant]\(modules)\pantry\items\new\page.tsx","list","PASSA","","","","frontend lint/build 2026-03-27 ok; list/detail/side/relations canonizados na Onda B","Onda B fechada com contratos canônicos, correção de textos, relations sem duplicação e side operacional por módulo.",""
"frontend_screen","B","pantry","route","FE:C:\server\system_development\frontend\src\app\[tenant]\(modules)\pantry\items\page.tsx","C:\server\system_development\frontend\src\app\[tenant]\(modules)\pantry\items\page.tsx","list","PASSA","","","","frontend lint/build 2026-03-27 ok; list/detail/side/relations canonizados na Onda B","Onda B fechada com contratos canônicos, correção de textos, relations sem duplicação e side operacional por módulo.",""
"frontend_screen","B","pantry","route","FE:C:\server\system_development\frontend\src\app\[tenant]\(modules)\pantry\page.tsx","C:\server\system_development\frontend\src\app\[tenant]\(modules)\pantry\page.tsx","list","PASSA","","","","frontend lint/build 2026-03-27 ok; list/detail/side/relations canonizados na Onda B","Onda B fechada com contratos canônicos, correção de textos, relations sem duplicação e side operacional por módulo.",""
"frontend_screen","B","pantry","route","FE:C:\server\system_development\frontend\src\app\[tenant]\(modules)\pantry\stock\page.tsx","C:\server\system_development\frontend\src\app\[tenant]\(modules)\pantry\stock\page.tsx","list","PASSA","","","","frontend lint/build 2026-03-27 ok; list/detail/side/relations canonizados na Onda B","Onda B fechada com contratos canônicos, correção de textos, relations sem duplicação e side operacional por módulo.",""
"frontend_screen","B","people-segments","route","FE:C:\server\system_development\frontend\src\app\[tenant]\(modules)\people-segments\[id]\page.tsx","C:\server\system_development\frontend\src\app\[tenant]\(modules)\people-segments\[id]\page.tsx","list","PASSA","","","","frontend lint/build 2026-03-27 ok; list/detail/side/relations canonizados na Onda B","Onda B fechada com contratos canônicos, correção de textos, relations sem duplicação e side operacional por módulo.",""
"frontend_screen","B","people-segments","route","FE:C:\server\system_development\frontend\src\app\[tenant]\(modules)\people-segments\new\page.tsx","C:\server\system_development\frontend\src\app\[tenant]\(modules)\people-segments\new\page.tsx","list","PASSA","","","","frontend lint/build 2026-03-27 ok; list/detail/side/relations canonizados na Onda B","Onda B fechada com contratos canônicos, correção de textos, relations sem duplicação e side operacional por módulo.",""
"frontend_screen","B","people-segments","route","FE:C:\server\system_development\frontend\src\app\[tenant]\(modules)\people-segments\page.tsx","C:\server\system_development\frontend\src\app\[tenant]\(modules)\people-segments\page.tsx","list","PASSA","","","","frontend lint/build 2026-03-27 ok; list/detail/side/relations canonizados na Onda B","Onda B fechada com contratos canônicos, correção de textos, relations sem duplicação e side operacional por módulo.",""
"frontend_screen","B","programs","route","FE:C:\server\system_development\frontend\src\app\[tenant]\(modules)\programs\[id]\page.tsx","C:\server\system_development\frontend\src\app\[tenant]\(modules)\programs\[id]\page.tsx","list","PASSA","","","","frontend lint/build 2026-03-27 ok; list/detail/side/relations canonizados na Onda B","Onda B fechada com contratos canônicos, correção de textos, relations sem duplicação e side operacional por módulo.",""
"frontend_screen","B","programs","route","FE:C:\server\system_development\frontend\src\app\[tenant]\(modules)\programs\new\page.tsx","C:\server\system_development\frontend\src\app\[tenant]\(modules)\programs\new\page.tsx","list","PASSA","","","","frontend lint/build 2026-03-27 ok; list/detail/side/relations canonizados na Onda B","Onda B fechada com contratos canônicos, correção de textos, relations sem duplicação e side operacional por módulo.",""
"frontend_screen","B","programs","route","FE:C:\server\system_development\frontend\src\app\[tenant]\(modules)\programs\page.tsx","C:\server\system_development\frontend\src\app\[tenant]\(modules)\programs\page.tsx","list","PASSA","","","","frontend lint/build 2026-03-27 ok; list/detail/side/relations canonizados na Onda B","Onda B fechada com contratos canônicos, correção de textos, relations sem duplicação e side operacional por módulo.",""
"frontend_screen","C","actions","route","FE:C:\server\system_development\frontend\src\app\[tenant]\(modules)\actions\[id]\page.tsx","C:\server\system_development\frontend\src\app\[tenant]\(modules)\actions\[id]\page.tsx","list","PASSA","","","","actions contracts/create/detail/list revisados; lint frontend direcionado 2026-03-27 ok","Frontend de actions alinhado ao canônico: acentuação corrigida, helpers e subtítulos removidos, side/relation padronizados.",""
"frontend_screen","C","actions","route","FE:C:\server\system_development\frontend\src\app\[tenant]\(modules)\actions\new\page.tsx","C:\server\system_development\frontend\src\app\[tenant]\(modules)\actions\new\page.tsx","list","PASSA","","","","actions contracts/create/detail/list revisados; lint frontend direcionado 2026-03-27 ok","Frontend de actions alinhado ao canônico: acentuação corrigida, helpers e subtítulos removidos, side/relation padronizados.",""
"frontend_screen","C","actions","route","FE:C:\server\system_development\frontend\src\app\[tenant]\(modules)\actions\page.tsx","C:\server\system_development\frontend\src\app\[tenant]\(modules)\actions\page.tsx","list","PASSA","","","","actions contracts/create/detail/list revisados; lint frontend direcionado 2026-03-27 ok","Frontend de actions alinhado ao canônico: acentuação corrigida, helpers e subtítulos removidos, side/relation padronizados.",""
"frontend_screen","C","actions","route","FE:C:\server\system_development\frontend\src\app\[tenant]\(modules)\projects\[id]\actions\page.tsx","C:\server\system_development\frontend\src\app\[tenant]\(modules)\projects\[id]\actions\page.tsx","list","PASSA","","","","frontend/src/modules/projects/features/detail/ui/project-actions-manage-route-client-page.tsx -> redirect para /projects/[id]; frontend build 2026-03-27 ok","Rota legada de acoes do projeto foi isolada e redirecionada para o detail canônico do projeto.",""
"frontend_screen","C","people","route","FE:C:\server\system_development\frontend\src\app\[tenant]\(modules)\people\[id]\benefits\[benefitId]\page.tsx","C:\server\system_development\frontend\src\app\[tenant]\(modules)\people\[id]\benefits\[benefitId]\page.tsx","list","PASSA","","","","lint frontend direcionado 2026-03-27 ok; people detail e relation shells revisados","Rotas de people alinhadas ao shell canônico, sem textos explicativos no detail e com side operacional.",""
"frontend_screen","C","people","route","FE:C:\server\system_development\frontend\src\app\[tenant]\(modules)\people\[id]\benefits\new\page.tsx","C:\server\system_development\frontend\src\app\[tenant]\(modules)\people\[id]\benefits\new\page.tsx","list","PASSA","","","","lint frontend direcionado 2026-03-27 ok; people detail e relation shells revisados","Rotas de people alinhadas ao shell canônico, sem textos explicativos no detail e com side operacional.",""
"frontend_screen","C","people","route","FE:C:\server\system_development\frontend\src\app\[tenant]\(modules)\people\[id]\detentions\[detentionId]\page.tsx","C:\server\system_development\frontend\src\app\[tenant]\(modules)\people\[id]\detentions\[detentionId]\page.tsx","list","PASSA","","","","lint frontend direcionado 2026-03-27 ok; detention detail shell revisado","Rotas de people alinhadas ao shell canônico, sem textos explicativos no detail e com side operacional.",""
"frontend_screen","C","people","route","FE:C:\server\system_development\frontend\src\app\[tenant]\(modules)\people\[id]\detentions\new\page.tsx","C:\server\system_development\frontend\src\app\[tenant]\(modules)\people\[id]\detentions\new\page.tsx","list","PASSA","","","","lint frontend direcionado 2026-03-27 ok; detention detail shell revisado","Rotas de people alinhadas ao shell canônico, sem textos explicativos no detail e com side operacional.",""
"frontend_screen","C","people","route","FE:C:\server\system_development\frontend\src\app\[tenant]\(modules)\people\[id]\edit\page.tsx","C:\server\system_development\frontend\src\app\[tenant]\(modules)\people\[id]\edit\page.tsx","list","PASSA","","","","redirect com withTenantPath('/people/[id]') verificado em 2026-03-27","Rota legada mantida apenas como compatibilidade e redireciona para o detail canônico.",""
"frontend_screen","C","people","route","FE:C:\server\system_development\frontend\src\app\[tenant]\(modules)\people\[id]\education\[educationId]\page.tsx","C:\server\system_development\frontend\src\app\[tenant]\(modules)\people\[id]\education\[educationId]\page.tsx","list","PASSA","","","","lint frontend direcionado 2026-03-27 ok; people detail e relation shells revisados","Rotas de people alinhadas ao shell canônico, sem textos explicativos no detail e com side operacional.",""
"frontend_screen","C","people","route","FE:C:\server\system_development\frontend\src\app\[tenant]\(modules)\people\[id]\education\new\page.tsx","C:\server\system_development\frontend\src\app\[tenant]\(modules)\people\[id]\education\new\page.tsx","list","PASSA","","","","lint frontend direcionado 2026-03-27 ok; people detail e relation shells revisados","Rotas de people alinhadas ao shell canônico, sem textos explicativos no detail e com side operacional.",""
"frontend_screen","C","people","route","FE:C:\server\system_development\frontend\src\app\[tenant]\(modules)\people\[id]\family-relations\[relationId]\page.tsx","C:\server\system_development\frontend\src\app\[tenant]\(modules)\people\[id]\family-relations\[relationId]\page.tsx","list","PASSA","","","","lint frontend direcionado 2026-03-27 ok; people detail e relation shells revisados","Rotas de people alinhadas ao shell canônico, sem textos explicativos no detail e com side operacional.",""
"frontend_screen","C","people","route","FE:C:\server\system_development\frontend\src\app\[tenant]\(modules)\people\[id]\family-relations\new\page.tsx","C:\server\system_development\frontend\src\app\[tenant]\(modules)\people\[id]\family-relations\new\page.tsx","list","PASSA","","","","lint frontend direcionado 2026-03-27 ok; people detail e relation shells revisados","Rotas de people alinhadas ao shell canônico, sem textos explicativos no detail e com side operacional.",""
"frontend_screen","C","people","route","FE:C:\server\system_development\frontend\src\app\[tenant]\(modules)\people\[id]\financial\[entryId]\page.tsx","C:\server\system_development\frontend\src\app\[tenant]\(modules)\people\[id]\financial\[entryId]\page.tsx","list","PASSA","","","","lint frontend direcionado 2026-03-27 ok; people detail e relation shells revisados","Rotas de people alinhadas ao shell canônico, sem textos explicativos no detail e com side operacional.",""
"frontend_screen","C","people","route","FE:C:\server\system_development\frontend\src\app\[tenant]\(modules)\people\[id]\financial\expenses\[expenseId]\page.tsx","C:\server\system_development\frontend\src\app\[tenant]\(modules)\people\[id]\financial\expenses\[expenseId]\page.tsx","list","PASSA","","","","lint frontend direcionado 2026-03-27 ok; people detail e relation shells revisados","Rotas de people alinhadas ao shell canônico, sem textos explicativos no detail e com side operacional.",""
"frontend_screen","C","people","route","FE:C:\server\system_development\frontend\src\app\[tenant]\(modules)\people\[id]\financial\expenses\new\page.tsx","C:\server\system_development\frontend\src\app\[tenant]\(modules)\people\[id]\financial\expenses\new\page.tsx","list","PASSA","","","","lint frontend direcionado 2026-03-27 ok; people detail e relation shells revisados","Rotas de people alinhadas ao shell canônico, sem textos explicativos no detail e com side operacional.",""
"frontend_screen","C","people","route","FE:C:\server\system_development\frontend\src\app\[tenant]\(modules)\people\[id]\financial\incomes\[incomeId]\page.tsx","C:\server\system_development\frontend\src\app\[tenant]\(modules)\people\[id]\financial\incomes\[incomeId]\page.tsx","list","PASSA","","","","lint frontend direcionado 2026-03-27 ok; people detail e relation shells revisados","Rotas de people alinhadas ao shell canônico, sem textos explicativos no detail e com side operacional.",""
"frontend_screen","C","people","route","FE:C:\server\system_development\frontend\src\app\[tenant]\(modules)\people\[id]\financial\incomes\new\page.tsx","C:\server\system_development\frontend\src\app\[tenant]\(modules)\people\[id]\financial\incomes\new\page.tsx","list","PASSA","","","","lint frontend direcionado 2026-03-27 ok; people detail e relation shells revisados","Rotas de people alinhadas ao shell canônico, sem textos explicativos no detail e com side operacional.",""
"frontend_screen","C","people","route","FE:C:\server\system_development\frontend\src\app\[tenant]\(modules)\people\[id]\financial\new\page.tsx","C:\server\system_development\frontend\src\app\[tenant]\(modules)\people\[id]\financial\new\page.tsx","list","PASSA","","","","lint frontend direcionado 2026-03-27 ok; people detail e relation shells revisados","Rotas de people alinhadas ao shell canônico, sem textos explicativos no detail e com side operacional.",""
"frontend_screen","C","people","route","FE:C:\server\system_development\frontend\src\app\[tenant]\(modules)\people\[id]\financial\transfers\[transferId]\page.tsx","C:\server\system_development\frontend\src\app\[tenant]\(modules)\people\[id]\financial\transfers\[transferId]\page.tsx","list","PASSA","","","","lint frontend direcionado 2026-03-27 ok; people detail e relation shells revisados","Rotas de people alinhadas ao shell canônico, sem textos explicativos no detail e com side operacional.",""
"frontend_screen","C","people","route","FE:C:\server\system_development\frontend\src\app\[tenant]\(modules)\people\[id]\financial\transfers\new\page.tsx","C:\server\system_development\frontend\src\app\[tenant]\(modules)\people\[id]\financial\transfers\new\page.tsx","list","PASSA","","","","lint frontend direcionado 2026-03-27 ok; people detail e relation shells revisados","Rotas de people alinhadas ao shell canônico, sem textos explicativos no detail e com side operacional.",""
"frontend_screen","C","people","route","FE:C:\server\system_development\frontend\src\app\[tenant]\(modules)\people\[id]\health-conditions\[conditionId]\page.tsx","C:\server\system_development\frontend\src\app\[tenant]\(modules)\people\[id]\health-conditions\[conditionId]\page.tsx","list","PASSA","","","","lint frontend direcionado 2026-03-27 ok; people detail e relation shells revisados","Rotas de people alinhadas ao shell canônico, sem textos explicativos no detail e com side operacional.",""
"frontend_screen","C","people","route","FE:C:\server\system_development\frontend\src\app\[tenant]\(modules)\people\[id]\health-conditions\new\page.tsx","C:\server\system_development\frontend\src\app\[tenant]\(modules)\people\[id]\health-conditions\new\page.tsx","list","PASSA","","","","lint frontend direcionado 2026-03-27 ok; people detail e relation shells revisados","Rotas de people alinhadas ao shell canônico, sem textos explicativos no detail e com side operacional.",""
"frontend_screen","C","people","route","FE:C:\server\system_development\frontend\src\app\[tenant]\(modules)\people\[id]\medications\[medicationId]\page.tsx","C:\server\system_development\frontend\src\app\[tenant]\(modules)\people\[id]\medications\[medicationId]\page.tsx","list","PASSA","","","","lint frontend direcionado 2026-03-27 ok; people detail e relation shells revisados","Rotas de people alinhadas ao shell canônico, sem textos explicativos no detail e com side operacional.",""
"frontend_screen","C","people","route","FE:C:\server\system_development\frontend\src\app\[tenant]\(modules)\people\[id]\medications\new\page.tsx","C:\server\system_development\frontend\src\app\[tenant]\(modules)\people\[id]\medications\new\page.tsx","list","PASSA","","","","lint frontend direcionado 2026-03-27 ok; people detail e relation shells revisados","Rotas de people alinhadas ao shell canônico, sem textos explicativos no detail e com side operacional.",""
"frontend_screen","C","people","route","FE:C:\server\system_development\frontend\src\app\[tenant]\(modules)\people\[id]\page.tsx","C:\server\system_development\frontend\src\app\[tenant]\(modules)\people\[id]\page.tsx","list","PASSA","","","","lint frontend direcionado 2026-03-27 ok; people detail e relation shells revisados","Rotas de people alinhadas ao shell canônico, sem textos explicativos no detail e com side operacional.",""
"frontend_screen","C","people","route","FE:C:\server\system_development\frontend\src\app\[tenant]\(modules)\people\[id]\tree\page.tsx","C:\server\system_development\frontend\src\app\[tenant]\(modules)\people\[id]\tree\page.tsx","list","NA","","","","frontend/src/modules/people/features/tree/ui/people-tree-client-page.tsx; visualizacao auxiliar limpa na Onda C","Rota analitica auxiliar fora do contrato record canonico; mantida funcional e sem texto explicativo.","pos_1_0"
"frontend_screen","C","people","route","FE:C:\server\system_development\frontend\src\app\[tenant]\(modules)\people\new\page.tsx","C:\server\system_development\frontend\src\app\[tenant]\(modules)\people\new\page.tsx","list","PASSA","","","","lint frontend direcionado 2026-03-27 ok; people detail e relation shells revisados","Rotas de people alinhadas ao shell canônico, sem textos explicativos no detail e com side operacional.",""
"frontend_screen","C","people","route","FE:C:\server\system_development\frontend\src\app\[tenant]\(modules)\people\page.tsx","C:\server\system_development\frontend\src\app\[tenant]\(modules)\people\page.tsx","list","PASSA","","","","lint frontend direcionado 2026-03-27 ok; people detail e relation shells revisados","Rotas de people alinhadas ao shell canônico, sem textos explicativos no detail e com side operacional.",""
"frontend_screen","C","people-groups","route","FE:C:\server\system_development\frontend\src\app\[tenant]\(modules)\people-groups\[id]\page.tsx","C:\server\system_development\frontend\src\app\[tenant]\(modules)\people-groups\[id]\page.tsx","list","NA","","","","frontend/src/app/[tenant]/(modules)/people-groups/* é a casca canônica do frontend people-segments","Rota auditada na Onda B sob ownership do módulo people-segments; people-groups permanece como domínio/API e schema da Onda C.",""
"frontend_screen","C","people-groups","route","FE:C:\server\system_development\frontend\src\app\[tenant]\(modules)\people-groups\new\page.tsx","C:\server\system_development\frontend\src\app\[tenant]\(modules)\people-groups\new\page.tsx","list","NA","","","","frontend/src/app/[tenant]/(modules)/people-groups/* é a casca canônica do frontend people-segments","Rota auditada na Onda B sob ownership do módulo people-segments; people-groups permanece como domínio/API e schema da Onda C.",""
"frontend_screen","C","people-groups","route","FE:C:\server\system_development\frontend\src\app\[tenant]\(modules)\people-groups\page.tsx","C:\server\system_development\frontend\src\app\[tenant]\(modules)\people-groups\page.tsx","list","NA","","","","frontend/src/app/[tenant]/(modules)/people-groups/* é a casca canônica do frontend people-segments","Rota auditada na Onda B sob ownership do módulo people-segments; people-groups permanece como domínio/API e schema da Onda C.",""
"frontend_screen","C","projects","route","FE:C:\server\system_development\frontend\src\app\[tenant]\(modules)\project-cycle\page.tsx","C:\server\system_development\frontend\src\app\[tenant]\(modules)\project-cycle\page.tsx","list","PASSA","","","","frontend/src/app/[tenant]/(modules)/project-cycle/page.tsx removido; frontend build 2026-03-27 ok","Rota legada removida do frontend.","remover_1_0"
"frontend_screen","C","projects","route","FE:C:\server\system_development\frontend\src\app\[tenant]\(modules)\projects\[id]\cycles\page.tsx","C:\server\system_development\frontend\src\app\[tenant]\(modules)\projects\[id]\cycles\page.tsx","list","PASSA","","","","frontend/src/app/[tenant]/(modules)/projects/[id]/cycles/page.tsx removido; frontend build 2026-03-27 ok","Rota legada removida do frontend.","remover_1_0"
"frontend_screen","C","projects","route","FE:C:\server\system_development\frontend\src\app\[tenant]\(modules)\projects\[id]\enrollments\page.tsx","C:\server\system_development\frontend\src\app\[tenant]\(modules)\projects\[id]\enrollments\page.tsx","list","PASSA","","","","projects detail usa dialog canonicamente dentro do shell; rota /projects/[id]/enrollments redireciona para /projects/[id]; frontend lint/build 2026-03-27 ok","Manage custom foi removido do fluxo ativo; o vinculo agora abre no proprio detail canonico do projeto.",""
"frontend_screen","C","projects","route","FE:C:\server\system_development\frontend\src\app\[tenant]\(modules)\projects\[id]\groups\page.tsx","C:\server\system_development\frontend\src\app\[tenant]\(modules)\projects\[id]\groups\page.tsx","list","PASSA","","","","projects.groups.manage exporta ProjectGroupsDetailEngineClientPage","Rota de manage reaproveita o shell canônico de grupos do projeto.",""
"frontend_screen","C","projects","route","FE:C:\server\system_development\frontend\src\app\[tenant]\(modules)\projects\[id]\page.tsx","C:\server\system_development\frontend\src\app\[tenant]\(modules)\projects\[id]\page.tsx","list","PASSA","","","","lint frontend direcionado 2026-03-27 ok; projects list/detail revisados","List/detail de projects com header sem duplicidade, labels canônicas e side enxuto.",""
"frontend_screen","C","projects","route","FE:C:\server\system_development\frontend\src\app\[tenant]\(modules)\projects\groups\[id]\page.tsx","C:\server\system_development\frontend\src\app\[tenant]\(modules)\projects\groups\[id]\page.tsx","detail","PASSA","","","","frontend/src/app/[tenant]/(modules)/projects/groups/* com ScreenHost project-groups.*","Nova rota canonica do modulo projects para grupos de participantes.",""
"frontend_screen","C","projects","route","FE:C:\server\system_development\frontend\src\app\[tenant]\(modules)\projects\groups\new\page.tsx","C:\server\system_development\frontend\src\app\[tenant]\(modules)\projects\groups\new\page.tsx","detail","PASSA","","","","frontend/src/app/[tenant]/(modules)/projects/groups/* com ScreenHost project-groups.*","Nova rota canonica do modulo projects para grupos de participantes.",""
"frontend_screen","C","projects","route","FE:C:\server\system_development\frontend\src\app\[tenant]\(modules)\projects\groups\page.tsx","C:\server\system_development\frontend\src\app\[tenant]\(modules)\projects\groups\page.tsx","detail","PASSA","","","","frontend/src/app/[tenant]/(modules)/projects/groups/* com ScreenHost project-groups.*","Nova rota canonica do modulo projects para grupos de participantes.",""
"frontend_screen","C","projects","route","FE:C:\server\system_development\frontend\src\app\[tenant]\(modules)\projects\new\page.tsx","C:\server\system_development\frontend\src\app\[tenant]\(modules)\projects\new\page.tsx","list","PASSA","","","","lint frontend direcionado 2026-03-27 ok; projects list/detail revisados","List/detail de projects com header sem duplicidade, labels canônicas e side enxuto.",""
"frontend_screen","C","projects","route","FE:C:\server\system_development\frontend\src\app\[tenant]\(modules)\projects\page.tsx","C:\server\system_development\frontend\src\app\[tenant]\(modules)\projects\page.tsx","list","PASSA","","","","lint frontend direcionado 2026-03-27 ok; projects list/detail revisados","List/detail de projects com header sem duplicidade, labels canônicas e side enxuto.",""
"frontend_screen","D","cycles","route","FE:C:\server\system_development\frontend\src\app\[tenant]\(modules)\cycle\[id]\page.tsx","C:\server\system_development\frontend\src\app\[tenant]\(modules)\cycle\[id]\page.tsx","list","PASSA","","frontend_canonico","","frontend/src/app/[tenant]/(modules)/cycle/[id]/page.tsx removido; frontend build 2026-03-27 ok","Rota detail legada removida do frontend.","remover_1_0"
"frontend_screen","D","cycles","route","FE:C:\server\system_development\frontend\src\app\[tenant]\(modules)\cycle\new\page.tsx","C:\server\system_development\frontend\src\app\[tenant]\(modules)\cycle\new\page.tsx","list","PASSA","","frontend_canonico","","frontend/src/app/[tenant]/(modules)/cycle/new/page.tsx removido; frontend build 2026-03-27 ok","Rota create legada removida do frontend.","remover_1_0"
"frontend_screen","D","cycles","route","FE:C:\server\system_development\frontend\src\app\[tenant]\(modules)\cycle\page.tsx","C:\server\system_development\frontend\src\app\[tenant]\(modules)\cycle\page.tsx","list","PASSA","","frontend_canonico","","frontend/src/app/[tenant]/(modules)/cycle/page.tsx removido; frontend build 2026-03-27 ok","Rota list legada removida do frontend.","remover_1_0"
"backend_module","D","project-structure","cycle_legacy_endpoints","BE:project-structure:cycle-legacy","backend/src/modules/project-structure","api","PASSA","","backend_contratos","","project-structure.controller sem endpoints de cycle; project-structure.service sem contratos ativos de cycle; backend build 2026-03-27 ok","Fluxo institucional ficou apenas com ProjectPeopleGroup e ProjectGroup.","remover_1_0"
"frontend_screen","D","cycles","frontend_exposure","FE:cycles:frontend-exposure","C:\server\system_development\frontend\src\web-client\data-provider\rest\cycles.ts; C:\server\system_development\frontend\src\web-client\data-provider\rest\provider.ts; C:\server\system_development\frontend\src\web-client\registry\actions\cycles.tsx; C:\server\system_development\frontend\src\modules\cycles; C:\server\system_development\frontend\src\modules\registry.ts","quality","PASSA","","frontend_canonico","","provider/registry/module cycles removidos; rg backend/frontend 2026-03-27 sem exposicao ativa de cycle","Frontend ativo ficou sem modulo cycles, search views ou data provider dedicados.","remover_1_0"
"frontend_screen","D","projects","project_cycles_residue","FE:projects:project-cycles-residue","C:\server\system_development\frontend\src\modules\projects\config\project-cycles-module-contract.tsx; C:\server\system_development\frontend\src\modules\projects\features\list\ui\project-cycles-list-module-client-page.tsx; C:\server\system_development\frontend\src\modules\projects\features\detail\ui\project-cycles-manage-route-client-page.tsx; C:\server\system_development\frontend\src\modules\projects\features\detail\ui\project-cycles-card.tsx; C:\server\system_development\frontend\src\modules\projects\features\detail\ui\project-cycle-detail-card.tsx; C:\server\system_development\frontend\src\modules\projects\features\detail\ui\project-cycle-participations-card.tsx","relations","PASSA","","frontend_canonico","","arquivos project-cycles removidos; rotas legadas /project-cycle e /projects/[id]/cycles mantidas apenas como redirect; frontend build 2026-03-27 ok","Projetos mantem apenas grupos do projeto e grupos de pessoas no fluxo ativo.","remover_1_0"
"frontend_screen","E","web-client","relation_operational_platform","FE:web-client:relation-operational-platform","C:\server\system_development\frontend\src\web-client\registry\types.ts; C:\server\system_development\frontend\src\web-client\detail\DetailLayoutSections.tsx; C:\server\system_development\frontend\src\web-client\views\ListView.tsx","relations","PASSA","alta","frontend_canonico","2026-03-29","DetailRelationConfig e DetailLayoutSections com relation operacional; lint/tsc/build frontend 2026-03-27 ok","Expandir o contrato relacional para filtros, selecao, acoes globais, acoes por linha e metricas compactas no proprio RelationSlot.",""
"frontend_screen","E","actions","participants_relation_operational","FE:actions:participants-relation-operational","C:\server\system_development\frontend\src\modules\projects\features\detail\ui\project-action-attendances-card.tsx; C:\server\system_development\frontend\src\modules\actions\config\actions-detail-layout-contract.tsx","relations","PASSA","critica","frontend_canonico","2026-03-29","actions-detail-layout-contract migrado para relation operacional; project-action-attendances-card em ListView; frontend build 2026-03-27 ok","Migrar participantes da acao para relation operacional canonica usando ListView no shell atual.",""
"frontend_screen","E","actions","quality_relation_operational","FE:actions:quality-relation-operational","C:\server\system_development\frontend\src\modules\actions\features\manage\ui\action-quality-card.tsx","relations","PASSA","alta","frontend_canonico","2026-03-29","aba Quality adicionada no shell canonico; action-quality-card removido do fluxo ativo; frontend build 2026-03-27 ok","Migrar qualidade/destaque/observacao para relation operacional canonica baseada em ListView.",""
"backend_module","E","actions","attendances_relation_contract","BE:actions:attendances-relation-operational","backend/src/modules/actions","api","PASSA","media","backend_contratos","2026-03-29","endpoints/dtos de attendance reutilizados no padrao operacional; backend build 2026-03-27 ok","Ajustar DTOs e respostas de attendance/quality para suportar o padrao canonico de relation operacional.",""
"frontend_screen","F","people","list_grid_legacy_residue","FE:people:list-grid_legacy","C:\server\system_development\frontend\src\modules\people\features\list\ui\people-list-client-page.tsx","list","PASSA","alta","frontend_canonico","2026-04-07","arquivo legado removido; people-list-module-client-page ativo; frontend lint/build 2026-04-07 ok; busca repo sem nomes dos componentes legados removidos","People ficou apenas com listagem canonica em RecordListHost/ListView no fluxo ativo.",""
"frontend_screen","F","people","detail_form_legacy_residue","FE:people:detail-form_legacy","C:\server\system_development\frontend\src\modules\people\shared\ui\people-form.tsx; C:\server\system_development\frontend\src\modules\people\features\benefits\ui\benefit-form.tsx; C:\server\system_development\frontend\src\modules\people\features\education\ui\education-form.tsx; C:\server\system_development\frontend\src\modules\people\features\family-members\ui\family-relation-form.tsx; C:\server\system_development\frontend\src\modules\people\features\health-conditions\ui\health-condition-form.tsx; C:\server\system_development\frontend\src\modules\people\features\medications\ui\medication-form.tsx; C:\server\system_development\frontend\src\modules\people\features\people-financial\ui\financial-entry-form.tsx; C:\server\system_development\frontend\src\modules\people\features\detentions\ui\detention-form.tsx","detail","PASSA","alta","frontend_canonico","2026-04-07","RecordForm ativo em people; arquivos/formularios legados removidos ou migrados; frontend lint/build 2026-04-07 ok","Modulo people deixou de depender do renderizador legado de formularios no fluxo canonico.",""
"frontend_screen","F","projects","legacy_grid_legacy_form_legacy","FE:projects:legacy-grid_legacy-form_legacy","C:\server\system_development\frontend\src\modules\projects\features\list\ui\projects-client-page.tsx; C:\server\system_development\frontend\src\modules\projects\features\detail\ui\project-actions-card.tsx; C:\server\system_development\frontend\src\modules\projects\features\detail\ui\project-enrollments-card.tsx; C:\server\system_development\frontend\src\modules\projects\features\detail\ui\project-action-types-dialog.tsx; C:\server\system_development\frontend\src\modules\projects\features\detail\ui\project-enrollment-manage-dialog.tsx","detail","PASSA","alta","frontend_canonico","2026-04-07","arquivos legados removidos; project-enrollments-card e dialogs no fluxo ativo canonico; frontend lint/build 2026-04-07 ok","Projects ficou sem grade tabular legada e sem formulario legado no fluxo ativo.",""
"frontend_screen","F","programs","legacy_grid_legacy_form_legacy","FE:programs:legacy-grid_legacy-form_legacy","C:\server\system_development\frontend\src\modules\programs\features\list\ui\programs-client-page.tsx","list","PASSA","media","frontend_canonico","2026-04-07","programs-client-page removido; rota ativa mantida no modulo canonico; frontend lint/build 2026-04-07 ok","Programs manteve apenas o fluxo canonico ativo.",""
"frontend_screen","F","core","access_logs_grid_legacy","FE:core:access-logs-grid_legacy","C:\server\system_development\frontend\src\modules\core\features\profile\ui\access-logs-panel.tsx; C:\server\system_development\frontend\src\modules\core\features\admin-users\ui\admin-user-access-logs-card.tsx","relations","PASSA","media","frontend_canonico","2026-04-07","access logs migrados para ListView canonico; frontend lint/build 2026-04-07 ok","Logs de acesso deixaram de usar grade tabular legada no fluxo ativo.",""
"frontend_screen","G","core","auth_public_form_legacy","FE:core:auth-public-form_legacy","C:\server\system_development\frontend\src\app\page.tsx; C:\server\system_development\frontend\src\features\auth\login-form.tsx; C:\server\system_development\frontend\src\app\[tenant]\forgot-password\page.tsx; C:\server\system_development\frontend\src\app\[tenant]\reset-password\page.tsx","detail","PASSA","alta","frontend_canonico","2026-04-07","fluxos publicos e auth migrados para RecordForm; frontend lint/build 2026-04-07 ok","Autenticacao publica ficou alinhada ao formulario canonico reutilizavel.",""
"frontend_screen","G","core","registration_profile_form_legacy","FE:core:registration-profile-form_legacy","C:\server\system_development\frontend\src\modules\core\features\registration\ui\register-client-page.tsx; C:\server\system_development\frontend\src\modules\core\features\registration\ui\register-confirm-client-page.tsx; C:\server\system_development\frontend\src\modules\core\features\profile\ui\profile-settings-card.tsx","detail","PASSA","alta","frontend_canonico","2026-04-07","cadastro e perfil migrados para RecordForm; frontend lint/build 2026-04-07 ok","Cadastro institucional e perfil ficaram sem renderizador legado no fluxo ativo.",""
"frontend_screen","G","legacy-features","form_legacy_residual","FE:legacy-features:form_legacy-residual","C:\server\system_development\frontend\src\features\addresses; C:\server\system_development\frontend\src\features\activities; C:\server\system_development\frontend\src\features\assessments; C:\server\system_development\frontend\src\features\attendances; C:\server\system_development\frontend\src\features\contacts; C:\server\system_development\frontend\src\features\cycles; C:\server\system_development\frontend\src\features\diaries; C:\server\system_development\frontend\src\features\formations; C:\server\system_development\frontend\src\features\incomes; C:\server\system_development\frontend\src\features\occurrences; C:\server\system_development\frontend\src\features\presences; C:\server\system_development\frontend\src\features\school-histories","detail","PASSA","media","frontend_canonico","2026-04-07","frontend/src/features sem nomes dos componentes legados removidos; formularios remanescentes usam web-client/forms; frontend lint/build 2026-04-07 ok","Features historicas remanescentes deixaram de usar o renderizador legado; consolidacao estrutural pode seguir como backlog arquitetural sem impacto no 1.0.",""
"frontend_screen","H","marco-zero","frontend_quality_gate","FE:marco-zero:frontend-quality-gate","C:\server\system_development\frontend","quality","PASSA","alta","qualidade_1_0","2026-04-07","npm run lint ok; npm run build ok; busca repo sem nomes dos componentes legados removidos; verificador de mojibake com unexpectedCount=0","Frontend fechado sem residuos legados ativos no fluxo canonico.",""
"backend_module","H","marco-zero","backend_quality_gate","BE:marco-zero:backend-quality-gate","backend","quality","PASSA","alta","qualidade_1_0","2026-04-07","backend build 2026-04-07 ok; lint global backend executado apos --fix e ainda reporta 442 erros herdados de type-safety fora do escopo canonico","Liberacao 1.0 considera contratos e build backend aprovados; saneamento completo do lint global segue como backlog transversal pos_1_0.","pos_1_0"
"database_domain","H","marco-zero","schema_quality_gate","DB:marco-zero:schema-quality-gate","backend/prisma/schema.prisma","quality","PASSA","alta","banco_migracoes","2026-04-07","prisma migrate status 2026-04-07 ok; database schema up to date; SHADOW_DATABASE_URL configurado; backend build ok","Schema, migracoes e ambiente de shadow database validados para o fechamento do 1.0.",""

